Complexity,Loss,Equation
1,0.35463855,"0.62517583"
2,0.021632226,"sqrt(0.0024368726)"
3,0.0047378913,"x1 ^ -1.6649373"
5,0.00086866535,"2.8746824 / (x1 + x3)"
6,0.0008686653,"log(17.719938) / (x3 + x1)"
8,0.0005660392,"log(x0) / ((x3 + -0.25875375) + x1)"
9,0.0005632401,"log(x0 + log(x5)) / (x3 + x1)"
10,0.00041832868,"sqrt(x5 * (0.75056344 / (x3 * (x1 * x4))))"
11,0.00041832865,"sqrt(sqrt(0.5633425) / (x4 / (x5 / (x1 * x3))))"
12,0.00023483486,"sqrt(0.6308263 / (x4 / ((x5 + x0) / (x1 * x3))))"
14,0.00021267295,"sqrt(0.6189216 / ((x4 / ((x0 + x5) / (x1 * x3))) ^ 1.0368705))"
16,0.00015917678,"sqrt(0.010982912 / (x4 / (((x0 + 0.43124294) + x5) / ((x3 / x2) * x1))))"
18,0.00015245123,"sqrt(((0.8413813 ^ (x1 / x2)) / 1.5263944) / (x4 / ((x0 + x5) / (x3 * x1))))"
20,0.0001501864,"sqrt(((0.8413813 ^ (x1 / x2)) / 1.5263944) / (x4 / (((x0 + -1.3989702) + x5) / (x3 * x1))))"
