Complexity,Loss,Equation
3,0.016636692,"u_x * u_x"
5,0.011966162,"u_x * (u * u_x)"
6,0.0019024286,"-0.8031989 * u_x"
9,0.0012413621,"u_x * (-1.3242737 + u)"
11,0.00121164,"u_x * (-1.1131207 + (u * u))"
