Complexity,Loss,Equation
8,0.009436816,"(-1.0246991 * 0.7947002) * 0.011110781"
11,0.009355756,"-0.00361175 * ((1.2979156 + -0.40752104) * 0.27854162)"
