Complexity,Loss,Equation
5,0.016636692,"u_x * u_x"
8,0.0019005096,"u_x * -0.81284416"
12,0.0012414262,"u_x * (-1.3258162 + u)"
