Complexity,Loss,Equation
1,3735.1904,"-0.94224036"
2,3734.8735,"sin(-1.5755365)"
3,3655.7363,"x1 * 2.1777825"
4,3610.9277,"cos(x2) * x1"
5,2994.8367,"cos(x2) * exp(x1)"
7,1573.1073,"(x1 * exp(3.2534692)) * cos(x2)"
8,1491.3708,"(-0.2767118 + (x1 * cos(x2))) * 35.27825"
9,1406.4403,"(sin(-3.1260972) + (x1 * cos(x2))) * 35.27825"
11,1404.1062,"x1 + (((x1 + x1) * cos(x2)) * exp(2.8540754))"
13,1292.7644,"((exp(1.5644526 + (x1 * -0.49047965)) + x1) * x1) * cos(x2)"
14,846.75714,"((exp(1.5644526 + (x1 * -0.49047965)) + exp(x1)) * x1) * cos(x2)"
15,715.90826,"sin(cos(x2)) * ((exp(1.5644526 + (-0.49047965 * x1)) + exp(x1)) * x1)"
17,529.95874,"sin(cos(x2)) * ((exp(1.5644526 + ((-0.49047965 * x1) + 0.31710926)) + exp(x1)) * x1)"
19,199.84079,"((cos(-0.90566295) * x1) * (exp(x1) + exp(1.5845267 + (0.7321345 + (x1 * -0.49047965))))) * cos(x2)"
20,175.91212,"((cos(sin(1.3084519)) * x1) * (exp(x1) + exp(1.4446261 + (1.1810623 + (x1 * -0.43429872))))) * cos(x2)"
