Complexity,Loss,Equation
1,0.012845179,"x7"
2,0.009354953,"sin(-1.2800055e-5)"
3,0.0013874498,"x4 - x1"
4,0.0013695129,"sin(x4) - x1"
5,0.001359344,"sin(sin(x4)) - x1"
6,0.0012770788,"sin(x3 - x1) - x3"
7,0.0011783527,"sin(x3 - sin(x1)) - x3"
8,0.0011048269,"sin(sin((cos(x3) + -26.127186) - x1))"
9,0.0010351496,"sin(sin((cos(x3) - 0.9944842) - sin(x1)))"
10,0.0009579061,"sin(sin((cos(x0 + -0.1389385) - 0.9844818) - x1))"
11,0.0008862529,"sin(sin((cos(-0.14085934 + x0) - 0.98443997) - sin(x1)))"
12,0.0008388927,"(cos(sin((x0 - x4) + -0.15598635)) - 0.9840519) - sin(x1)"
13,0.0007932806,"x4 + sin(((cos(x0 + -0.14357404) - 0.9840519) - x1) - x4)"
14,0.0007789242,"x4 + sin(sin((cos(x0 + -0.14159584) - 0.98432505) - x1) - x4)"
15,0.0007283726,"sin(sin(((cos(sin(x0 + x1) + -0.13183713) - 0.98395425) + x4) - x1))"
16,0.00068586826,"sin(sin(sin((x4 + (cos(-0.122088 + sin(x1 + x0)) - 0.98458433)) - x1)))"
17,0.00066607987,"sin(sin(sin((x4 + (cos(sin(sin(x3 + 0.66265243) + x1)) - 0.8242843)) - x1)))"
18,0.0006211366,"sin(sin(sin(sin(((cos(sin(x1 + sin(x3 + 0.63493806))) - 0.834027) + x4) - x1))))"
19,0.00060289406,"sin(sin(sin(sin(sin(((cos(sin(sin(0.61934084 + x3) + x1)) - 0.8396113) + x4) - x1)))))"
20,0.0005988399,"sin(sin(sin(sin(sin((x4 + (cos(sin(sin(x1) + sin(x3 + 0.6316026))) - 0.83535916)) - x1)))))"
