Complexity,Loss,Equation
3,0.0019004534,"-0.81351906 * x1"
5,0.0012141006,"(-1.1063926 + x3) * x1"
7,0.0012097508,"(-0.47034022 + (-0.6554943 + x3)) * x1"
11,0.0011915138,"(((0.5319054 * x2) * -0.2432936) + x1) * (x3 + -0.9699809)"
