Complexity,Loss,Equation
3,1.2455241889334599e-27,"-1.3106695551509804 * 2.692668285832191e-14"
5,1.1484375418964083e-34,"(x * -3.469446951953614e-18) * x"
