Complexity,Loss,Equation
2,4957.2837,"cos(x0)"
3,4905.036,"x1 * 3.7170196"
4,4752.6797,"exp(x1) * -0.31288862"
5,3441.5386,"exp(x1) * cos(x2)"
7,3300.8584,"1.4111692 * (cos(x2) * exp(x1))"
8,2264.1682,"(cos(x2) * (x1 * 31.707804)) + -1.2046005"
10,2161.7327,"(cos(x2) * (exp(exp(1.2947857)) * x1)) + -0.45868483"
11,1619.1552,"(cos(x2) * ((x1 * 31.707804) + exp(x1))) + -1.2046005"
12,545.43286,"x1 + (cos(x2) * ((x1 * (x1 + x1)) * x1))"
14,0.0011027763,"-0.96679175 + (cos(x2) * ((x1 * ((x1 + x1) + x1)) * x1))"
15,3.644643e-7,"cos(-3.1068504) + (((x1 * ((x1 + x1) + x1)) * x1) * cos(x2))"
19,2.0812696e-7,"sin(-1.5405837) + (cos(x2) * (((-1.0000105 + (x1 * ((x1 + x1) + x1))) * x1) + x1))"
20,3.4788277e-9,"(cos(x2) * (x1 + (x1 * (-0.99996215 + (x1 * (x1 + (x1 + x1))))))) + sin(exp(1.54871))"
