Complexity,Loss,Equation
1,0.02163064,"0.04810745"
2,0.006166341,"inv(x1)"
3,0.004735813,"x1 ^ -1.7163306"
4,0.003133549,"tan(x1 ^ -1.7997961)"
5,0.0008686652,"2.8746848 / (x3 + x1)"
7,0.00047153127,"1.4319785 / (x1 + rem(x4, x3))"
8,0.00034210994,"sqrt(279.62256 / x4) / (x1 + x3)"
9,0.00033155765,"(125.64549 / (x4 + 10.105061)) / (x3 + x1)"
10,0.00022449777,"min(sqrt(x0), 97.103355 / x4) / (x3 + x1)"
11,0.00016604617,"((64.43414 + x0) / (19.63594 + x4)) / max(x1, x3)"
12,0.0001460661,"sqrt(276.1953 / x4) / ((x3 - tan(log(x1))) + x1)"
13,0.00010632056,"min(x0, (x2 + x0) / (x4 + 15.382533)) / max(x3, x1)"
14,7.991399e-5,"sqrt(min((x2 + x0) / x4, x0)) / max(x1, x3 - 1.9663296)"
15,6.003337e-5,"abs((sqrt((min(x5, x2) + x0) / x4) / (x1 + x3)) / -0.5056238)"
16,5.957413e-5,"abs(sin(sqrt((x5 + min(x0, x2)) / x4) / (x1 + x3)) / -0.54283994)"
17,1.6276532e-5,"abs((sqrt((min(x2, x0) + min(x2, x5)) / x4) / (x3 + x1)) / 0.5000595)"
18,1.6254082e-5,"abs(sin(sqrt((min(x2, x5) + min(x0, x2)) / x4) / (x3 + x1)) / -0.4639662)"
19,9.734254e-6,"abs((sqrt((min(x5, x2) + min(x0, cube(log(x2)))) / x4) / (x3 + x1)) / 0.5025157)"
