Complexity,Loss,Equation
7,0.009355495,"0.18706648 * ((0.87778175 * -0.18304485) * 0.024456771)"
