Complexity,Loss,Equation
2,0.084234715,"sin(-0.89879745)"
7,0.08251876,"cos(cos(-0.100175224 * x1)) + -1.3531282"
8,0.08234189,"sin(cos(exp(cos(sin(0.08405628) * x1))))"
9,0.08198469,"sin(cos(exp(cos((-1.104515 * x1) * 0.08405628))))"
10,0.07717958,"sin(sin(sin(exp(sin(0.6383955) * x2)) + -1.8490208))"
11,0.075640775,"sin(sin((sin(exp(0.60146517 * x2)) * 0.88041854) + -1.8490208))"
14,0.07109086,"sin(sin(sin(exp(sin(x3) + (x0 * 0.44660622)) * 0.4834259) + -1.8895663))"
