Complexity,Loss,Equation
1,0.009354953,"1.4659591e-8"
3,0.0013874498,"x4 - x1"
5,0.0012097497,"x4 + (-1.1261286 * x1)"
7,0.001056364,"((x4 - 0.14377598) * x3) - x1"
