Complexity,Loss,Equation
5,0.016636692,"u_x * u_x"
6,0.0019003251,"-0.8173018 * u_x"
9,0.0012416164,"u_x * (-1.3182888 + u)"
12,0.0012100737,"(-1.131513 + (u * u)) * u_x"
